species	species_label	aa	n_codons	shannon_index	variance_freq	shannon_rel
Afor	Aptenodytes forsteri	A	4	1.8648233279188746	0.012606150577856553	0.9324116639594373
Afor	Aptenodytes forsteri	C	2	0.9956310592003847	0.0030252608554356243	0.9956310592003847
Afor	Aptenodytes forsteri	D	2	0.9945241261730278	0.003790781909522835	0.9945241261730278
Afor	Aptenodytes forsteri	E	2	0.999982564851475	1.2085075359293598e-5	0.999982564851475
Afor	Aptenodytes forsteri	F	2	0.9993345665177595	4.6117242256259574e-4	0.9993345665177595
Afor	Aptenodytes forsteri	G	4	1.9805734741958663	0.0022605240476620938	0.9902867370979331
Afor	Aptenodytes forsteri	H	2	0.9976485163835391	0.0016290384952368068	0.9976485163835391
Afor	Aptenodytes forsteri	I	3	1.5362924830376528	0.010433167467125649	0.9692926377366288
Afor	Aptenodytes forsteri	K	2	0.999994669901022	3.6945385287353258e-6	0.999994669901022
Afor	Aptenodytes forsteri	L	6	2.4187354137396206	0.008613520196131663	0.9356945847627727
Afor	Aptenodytes forsteri	M	1	-0	NA	NA
Afor	Aptenodytes forsteri	N	2	0.9995669612265186	3.001295717801692e-4	0.9995669612265186
Afor	Aptenodytes forsteri	P	4	1.9011186051633673	0.009880329587759666	0.9505593025816836
Afor	Aptenodytes forsteri	Q	2	0.9028800999435831	0.0657936649113828	0.9028800999435831
Afor	Aptenodytes forsteri	R	6	2.4865523673840313	0.004746802452771164	0.9619297636582077
Afor	Aptenodytes forsteri	S	6	2.490932675600341	0.0035698021238343277	0.9636242981882397
Afor	Aptenodytes forsteri	T	4	1.9200424216632688	0.008105917908912979	0.9600212108316344
Afor	Aptenodytes forsteri	V	4	1.9195273116530167	0.009713214928748453	0.9597636558265084
Afor	Aptenodytes forsteri	W	1	-0	NA	NA
Afor	Aptenodytes forsteri	Y	2	0.9923585698003616	0.005287277722995477	0.9923585698003616
Emin	Eudyptula minor	A	4	1.8817368522510471	0.011167991965924474	0.9408684261255236
Emin	Eudyptula minor	C	2	0.9940472359934949	0.0041204634430330915	0.9940472359934949
Emin	Eudyptula minor	D	2	0.997752332682373	0.0015571550116079465	0.997752332682373
Emin	Eudyptula minor	E	2	0.9990902556450307	6.304541769854715e-4	0.9990902556450307
Emin	Eudyptula minor	F	2	0.9998646295654068	9.382870024090661e-5	0.9998646295654068
Emin	Eudyptula minor	G	4	1.9804158245815087	0.0022206939477275823	0.9902079122907543
Emin	Eudyptula minor	H	2	0.9953544178971399	0.003216614361684623	0.9953544178971399
Emin	Eudyptula minor	I	3	1.531902674276098	0.011384311222805971	0.9665229767764751
Emin	Eudyptula minor	K	2	0.9996528005903387	2.406409854871493e-4	0.9996528005903387
Emin	Eudyptula minor	L	6	2.404647084980658	0.009386107546549843	0.9302444752331248
Emin	Eudyptula minor	M	1	-0	NA	NA
Emin	Eudyptula minor	N	2	0.9985423320070652	0.0010100381254145195	0.9985423320070652
Emin	Eudyptula minor	P	4	1.9134430326984353	0.008576548985403954	0.9567215163492176
Emin	Eudyptula minor	Q	2	0.8961062811174741	0.07026763217647515	0.8961062811174741
Emin	Eudyptula minor	R	6	2.4922064534239032	0.0043343895427944	0.9641170627150778
Emin	Eudyptula minor	S	6	2.489328042009634	0.003693133217712231	0.9630035411790918
Emin	Eudyptula minor	T	4	1.9265045946971358	0.00743829965446863	0.9632522973485679
Emin	Eudyptula minor	V	4	1.913796908111745	0.01045389543810254	0.9568984540558725
Emin	Eudyptula minor	W	1	-0	NA	NA
Emin	Eudyptula minor	Y	2	0.9906093834072498	0.006494944405540984	0.9906093834072498
Sdem	Spheniscus demersus	A	4	1.8784271654157059	0.011442921868849118	0.9392135827078529
Sdem	Spheniscus demersus	C	2	0.9935786452940623	0.004444336346494567	0.9935786452940623
Sdem	Spheniscus demersus	D	2	0.9976660240413793	0.0016169162532537367	0.9976660240413793
Sdem	Spheniscus demersus	E	2	0.9991153388369114	6.130750424544389e-4	0.9991153388369114
Sdem	Spheniscus demersus	F	2	0.999925039428459	5.195780890812239e-5	0.999925039428459
Sdem	Spheniscus demersus	G	4	1.980285205650211	0.0022390206765247767	0.9901426028251055
Sdem	Spheniscus demersus	H	2	0.9950624997361499	0.003418508294896879	0.9950624997361499
Sdem	Spheniscus demersus	I	3	1.531432432981665	0.011481961301540047	0.9662262875524595
Sdem	Spheniscus demersus	K	2	0.9996353299990892	2.527486846933729e-4	0.9996353299990892
Sdem	Spheniscus demersus	L	6	2.4028350042520157	0.009468183240155668	0.9295434667163139
Sdem	Spheniscus demersus	M	1	-0	NA	NA
Sdem	Spheniscus demersus	N	2	0.9981920444196324	0.0012526557394442952	0.9981920444196324
Sdem	Spheniscus demersus	P	4	1.911571282262315	0.0087683738867989	0.9557856411311575
Sdem	Spheniscus demersus	Q	2	0.8929123433128654	0.07237190470106991	0.8929123433128654
Sdem	Spheniscus demersus	R	6	2.490531110791008	0.004424796943919539	0.9634689517144627
Sdem	Spheniscus demersus	S	6	2.4890437507690906	0.0037089821673801796	0.9628935623146154
Sdem	Spheniscus demersus	T	4	1.926707952033555	0.007417974762067753	0.9633539760167775
Sdem	Spheniscus demersus	V	4	1.9133282812202435	0.010501712174315144	0.9566641406101217
Sdem	Spheniscus demersus	W	1	-0	NA	NA
Sdem	Spheniscus demersus	Y	2	0.9898156397170332	0.007042633861510237	0.9898156397170332
Smen	Spheniscus mendiculus	A	4	1.87762114475997	0.011510742328192498	0.938810572379985
Smen	Spheniscus mendiculus	C	2	0.9930714347923297	0.004794822450452344	0.9930714347923297
Smen	Spheniscus mendiculus	D	2	0.9978548024652616	0.001486200482205118	0.9978548024652616
Smen	Spheniscus mendiculus	E	2	0.99896982345879	7.138939863812205e-4	0.99896982345879
Smen	Spheniscus mendiculus	F	2	0.9999474562520443	3.642010859726986e-5	0.9999474562520443
Smen	Spheniscus mendiculus	G	4	1.9807562909046859	0.00218089069076154	0.9903781454523429
Smen	Spheniscus mendiculus	H	2	0.9945661221697862	0.0037617459341578127	0.9945661221697862
Smen	Spheniscus mendiculus	I	3	1.5310130380275226	0.011574026137463474	0.9659616787973934
Smen	Spheniscus mendiculus	K	2	0.9995845411357287	2.879464963115502e-4	0.9995845411357287
Smen	Spheniscus mendiculus	L	6	2.4009889525455885	0.009565909131460743	0.9288293164313826
Smen	Spheniscus mendiculus	M	1	-0	NA	NA
Smen	Spheniscus mendiculus	N	2	0.9981589911298081	0.0012755472133462924	0.9981589911298081
Smen	Spheniscus mendiculus	P	4	1.9126681270620076	0.008641859137923428	0.9563340635310038
Smen	Spheniscus mendiculus	Q	2	0.8912848662226209	0.07344284337459617	0.8912848662226209
Smen	Spheniscus mendiculus	R	6	2.4918431028209858	0.004349560316162416	0.9639764995143288
Smen	Spheniscus mendiculus	S	6	2.4885633588707177	0.003737314298174845	0.9627077213601571
Smen	Spheniscus mendiculus	T	4	1.9274115471724023	0.007350824866996919	0.9637057735862011
Smen	Spheniscus mendiculus	V	4	1.9126914657369578	0.010583470163611644	0.9563457328684789
Smen	Spheniscus mendiculus	W	1	-0	NA	NA
Smen	Spheniscus mendiculus	Y	2	0.9894959047054477	0.007263196384694373	0.9894959047054477
