aa	codon	Afor	Emin	Sdem	Smen
A	GCA	1.232331964795888	1.2423331240236666	1.2425642349466999	1.2429473121546697
A	GCC	1.2089020280269474	1.3072752708539266	1.3100975282938327	1.3064858088655855
A	GCG	0.43542824229198246	0.5225597488645891	0.5162592146092381	0.5141682802929175
A	GCT	1.29181407562536	1.2960821634619868	1.3008358865790155	1.30750457809585
C	TGC	1.1541644374294808	1.210584940312827	1.2143228821244676	1.2148634818490056
C	TGT	0.9906906227629262	1.0264768461288112	1.022103598229583	1.027193312787249
D	GAC	1.0007982659378172	1.0465968248154118	1.045892722182217	1.0462765153505185
D	GAT	1.0360217234598268	1.0380977269646103	1.0383366360275574	1.038774665115706
E	GAA	0.9643246454748026	0.9645089731783771	0.960794494075856	0.9647847663123758
E	GAG	1.065973512961706	1.1084083598803163	1.1136336743398203	1.1089853784525232
F	TTC	1.0241371663644268	1.0633942684240418	1.0706452867436687	1.0705601701276712
F	TTT	1.029661458921641	1.0445042949865355	1.0370880306997299	1.041847692164044
G	GGA	1.278439655035397	1.2802650606310793	1.2798890588154164	1.285480758713362
G	GGC	1.1251264202443567	1.206564334316194	1.2138516086032956	1.213041630756056
G	GGG	0.9607130875478327	1.0339368793276145	1.0350396246308191	1.0330935552427274
G	GGT	0.8152405648798033	0.8467582732883614	0.8451671308877777	0.8510470002659317
H	CAC	1.1403253775598994	1.196010105114127	1.1988461651942042	1.2005652922612553
H	CAT	0.9735638632898627	1.0045322284010825	1.000011578833515	1.0019313610016563
I	ATA	0.6960646324568959	0.7323744982549503	0.728992849092767	0.7332883158072345
I	ATC	1.3432258084511421	1.43021793083679	1.4309685260171865	1.4311577571626866
I	ATT	1.144525952247483	1.1612211407633233	1.1613780864125933	1.1651375173778273
K	AAA	0.9534485008819459	0.9594257815801318	0.9565427154248098	0.95809235963035555
K	AAG	1.0732359097060329	1.1052769417300672	1.1056841921254243	1.1044868582395917
L	CTA	0.5584349241542717	0.6071248808404954	0.5996029800878101	0.6048591367728666
L	CTC	1.0954495144668346	1.1762306814097698	1.1844732571390715	1.1857889964986656
L	CTG	2.142247694556802	2.2183729314293137	2.2244076442962943	2.2154806482509235
L	CTT	0.9709898169062746	0.987046767063078	0.9874108320867766	0.9933145928532159
L	TTA	0.6825722973535426	0.7512117726538934	0.7402312915669357	0.7467781758944594
L	TTG	0.9409347185621932	0.969291575419554	0.965016046517115	0.9734367573016236
M	ATG	1	1	1	1
N	AAC	1.133030970597799	1.1615058692459732	1.1688518675716921	1.1661820357815218
N	AAT	0.9343294052210519	0.9705195246800881	0.9632974027194872	0.965471369669095
P	CCA	1.3135708749955703	1.3447429035454854	1.343563102220889	1.3527266523404124
P	CCC	1.1424500140012686	1.2664254235448624	1.2692116912889877	1.2753074140488845
P	CCG	0.5618822827475051	0.6581818837602809	0.6543863232799291	0.6539565759637348
P	CCT	1.283313415288565	1.3082611748834243	1.307320344667196	1.3127409478261072
Q	CAA	0.6535513436671518	0.6819696485480672	0.6749007906783403	0.6773656152754006
Q	CAG	1.3988583167070245	1.418194656215083	1.4252977736402013	1.4240153219954401
R	AGA	1.759937040900878	1.8216438493288656	1.8169039464703856	1.8215848286743357
R	AGG	1.4455244333513144	1.565113679106588	1.5679035267438384	1.556791293655259
R	CGA	0.7733548512962647	0.8454388375382111	0.8481502203241799	0.8536230144951094
R	CGC	0.9945243167030231	1.136026611113103	1.134397916020379	1.1459505259248688
R	CGG	1.062352030116823	1.2055711545504297	1.2060378416946314	1.2111289572760986
R	CGT	0.7209203748739783	0.785500669709055	0.7816372305732039	0.7891572460745083
S	AGC	1.494182475513666	1.569698429276325	1.5730020324442444	1.5798359577921115
S	AGT	1.024452778654854	1.083312572961866	1.0834688763716414	1.0795178871764102
S	TCA	1.010445824127955	1.0620216241043572	1.0594203062838783	1.065229022851502
S	TCC	1.2237849064890356	1.3306631377583604	1.3281407502022582	1.3289709245258046
S	TCG	0.47794238060248506	0.5639795386918988	0.5630335698986285	0.568831949135562
S	TCT	1.2236366799823135	1.2704560955736488	1.2684455017482927	1.2784870845924523
T	ACA	1.3198593662314908	1.335927507901684	1.3353788799317288	1.339854584888949
T	ACC	1.214234662376005	1.332958480273317	1.3340670841264375	1.330114539770758
T	ACG	0.6185505005758397	0.7082184888195606	0.7036419215470976	0.7041784796074415
T	ACT	1.1098878036388056	1.1546247186055125	1.1482274272328652	1.1561541697103368
V	GTA	0.690488664587869	0.7490884511680448	0.7425661914657637	0.7492388083566673
V	GTC	0.9407209968757245	1.0036927103108322	1.0085011767303054	1.0096283911471595
V	GTG	1.606019848847266	1.6450760694723143	1.6486487413279582	1.6501849976097505
V	GTT	0.9881037366835309	1.0116970749930931	1.0029242461748618	1.0106547938554615
W	TGG	1	1	1	1
Y	TAC	1.1706482429745455	1.212290391992669	1.2167772564941857	1.2189674079605746
Y	TAT	0.9176570051908061	0.9527514621611536	0.9434779792321789	0.9519766009708869
